,,,,
MA,Williams College,,,
MA,Amherst College,,,
MD,United States Naval Academy,,,
CA,Pomona College,,,
PA,Swarthmore College,,,
MA,Wellesley College,,,
CO,United States Air Force Academy,,,
NY,United States Military Academy at West Point,,,
ME,Bowdoin College,,,
MN,Carleton College,,,
NY,Barnard College,,,
CA,Claremont McKenna College,,,
IA,Grinnell College,,,
VT,Middlebury College,,,
CT,Wesleyan University,,,
NC,Davidson College,,,
NY,Hamilton College,,,
CA,Harvey Mudd College,,,
MA,Smith College,,,
NY,Vassar College,,,
NY,Colgate College,,,
PA,Haverford College,,,
VA,Washington and Lee University,,,
ME,Bates College,,,
ME,Colby College,,,
VA,University of Richmond,,,
MA,College of the Holy Cross,,,
MN,Macalester College,,,
KY,Berea College,,,
PA,Bryn Mawr College,,,
PA,Bucknell Univeristy,,,
PA,Lafayette College,,,
CO,Colorado College,,,
MA,Mount Holyoke College,,,
PA,Franklin & Marshall College,,,
CA,Occidental College,,,
CA,Scripps College,,,
NY,Skidmore College,,,
OH,Denison University,,,
MI,Hillsdale College,,,
OH,Kenyon College,,,
CA,Pitzer College,,,
GA,Spelman College,,,
CT,Trinity College,,,
NY,Union College (NY),,,
CT,Connecticut College,,,
IN,DePauw University,,,
PA,Dickinson College,,,
SC,Furman University,,,
WA,Whitman College,,,